filename,scot_name,eng_wa_name,name,include
inst/extdata/stats/2021/england_wales/census2021-ts001/census2021-ts001-oa.csv,,residence_type_lives_in_a_communal_establishment_measures_value,,
inst/extdata/stats/2021/england_wales/census2021-ts001/census2021-ts001-oa.csv,,residence_type_lives_in_a_household_measures_value,,
inst/extdata/stats/2021/england_wales/census2021-ts001/census2021-ts001-oa.csv,,residence_type_total_measures_value,,FALSE
inst/extdata/stats/2021/england_wales/census2021-ts002/census2021-ts002-oa.csv,,marital_and_civil_partnership_status_divorced_or_civil_partnership_dissolved_divorced_measures_value,,
inst/extdata/stats/2021/england_wales/census2021-ts002/census2021-ts002-oa.csv,,marital_and_civil_partnership_status_divorced_or_civil_partnership_dissolved_formerly_in_a_civil_partnership_now_legally_dissolved_measures_value,,
inst/extdata/stats/2021/england_wales/census2021-ts002/census2021-ts002-oa.csv,,marital_and_civil_partnership_status_divorced_or_civil_partnership_dissolved_measures_value,,
inst/extdata/stats/2021/england_wales/census2021-ts002/census2021-ts002-oa.csv,,marital_and_civil_partnership_status_married_or_in_a_registered_civil_partnership_in_a_registered_civil_partnership_measures_value,,
inst/extdata/stats/2021/england_wales/census2021-ts002/census2021-ts002-oa.csv,,marital_and_civil_partnership_status_married_or_in_a_registered_civil_partnership_in_a_registered_civil_partnership_opposite_sex_measures_value,,
inst/extdata/stats/2021/england_wales/census2021-ts002/census2021-ts002-oa.csv,,marital_and_civil_partnership_status_married_or_in_a_registered_civil_partnership_in_a_registered_civil_partnership_same_sex_measures_value,,
inst/extdata/stats/2021/england_wales/census2021-ts002/census2021-ts002-oa.csv,,marital_and_civil_partnership_status_married_or_in_a_registered_civil_partnership_married_measures_value,,
inst/extdata/stats/2021/england_wales/census2021-ts002/census2021-ts002-oa.csv,,marital_and_civil_partnership_status_married_or_in_a_registered_civil_partnership_married_opposite_sex_measures_value,,
inst/extdata/stats/2021/england_wales/census2021-ts002/census2021-ts002-oa.csv,,marital_and_civil_partnership_status_married_or_in_a_registered_civil_partnership_married_same_sex_measures_value,,
inst/extdata/stats/2021/england_wales/census2021-ts002/census2021-ts002-oa.csv,,marital_and_civil_partnership_status_married_or_in_a_registered_civil_partnership_measures_value,,
inst/extdata/stats/2021/england_wales/census2021-ts002/census2021-ts002-oa.csv,,marital_and_civil_partnership_status_never_married_and_never_registered_a_civil_partnership_measures_value,,
inst/extdata/stats/2021/england_wales/census2021-ts002/census2021-ts002-oa.csv,,marital_and_civil_partnership_status_separated_but_still_legally_married_or_still_legally_in_a_civil_partnership_measures_value,,
inst/extdata/stats/2021/england_wales/census2021-ts002/census2021-ts002-oa.csv,,marital_and_civil_partnership_status_separated_but_still_legally_married_or_still_legally_in_a_civil_partnership_separated_but_still_in_a_registered_civil_partnership_measures_value,,
inst/extdata/stats/2021/england_wales/census2021-ts002/census2021-ts002-oa.csv,,marital_and_civil_partnership_status_separated_but_still_legally_married_or_still_legally_in_a_civil_partnership_separated_but_still_married_measures_value,,
inst/extdata/stats/2021/england_wales/census2021-ts002/census2021-ts002-oa.csv,,marital_and_civil_partnership_status_total_measures_value,,FALSE
inst/extdata/stats/2021/england_wales/census2021-ts002/census2021-ts002-oa.csv,,marital_and_civil_partnership_status_widowed_or_surviving_civil_partnership_partner_measures_value,,
inst/extdata/stats/2021/england_wales/census2021-ts002/census2021-ts002-oa.csv,,marital_and_civil_partnership_status_widowed_or_surviving_civil_partnership_partner_surviving_partner_from_civil_partnership_measures_value,,
inst/extdata/stats/2021/england_wales/census2021-ts002/census2021-ts002-oa.csv,,marital_and_civil_partnership_status_widowed_or_surviving_civil_partnership_partner_widowed_measures_value,,
inst/extdata/stats/2021/england_wales/census2021-ts003/census2021-ts003-oa.csv,,household_composition_one_person_household_aged_66_years_and_over_measures_value,,
inst/extdata/stats/2021/england_wales/census2021-ts003/census2021-ts003-oa.csv,,household_composition_one_person_household_measures_value,,
inst/extdata/stats/2021/england_wales/census2021-ts003/census2021-ts003-oa.csv,,household_composition_one_person_household_other_measures_value,,
inst/extdata/stats/2021/england_wales/census2021-ts003/census2021-ts003-oa.csv,,household_composition_other_household_types_measures_value,,
inst/extdata/stats/2021/england_wales/census2021-ts003/census2021-ts003-oa.csv,,household_composition_other_household_types_other_including_all_full_time_students_and_all_aged_66_years_and_over_measures_value,,
inst/extdata/stats/2021/england_wales/census2021-ts003/census2021-ts003-oa.csv,,household_composition_other_household_types_with_dependent_children_measures_value,,
inst/extdata/stats/2021/england_wales/census2021-ts003/census2021-ts003-oa.csv,,household_composition_single_family_household_all_aged_66_years_and_over_measures_value,,
inst/extdata/stats/2021/england_wales/census2021-ts003/census2021-ts003-oa.csv,,household_composition_single_family_household_cohabiting_couple_family_all_children_non_dependent_measures_value,,
inst/extdata/stats/2021/england_wales/census2021-ts003/census2021-ts003-oa.csv,,household_composition_single_family_household_cohabiting_couple_family_measures_value,,
inst/extdata/stats/2021/england_wales/census2021-ts003/census2021-ts003-oa.csv,,household_composition_single_family_household_cohabiting_couple_family_no_children_measures_value,,
inst/extdata/stats/2021/england_wales/census2021-ts003/census2021-ts003-oa.csv,,household_composition_single_family_household_cohabiting_couple_family_with_dependent_children_measures_value,,
inst/extdata/stats/2021/england_wales/census2021-ts003/census2021-ts003-oa.csv,,household_composition_single_family_household_lone_parent_family_all_children_non_dependent_measures_value,,
inst/extdata/stats/2021/england_wales/census2021-ts003/census2021-ts003-oa.csv,,household_composition_single_family_household_lone_parent_family_measures_value,,
inst/extdata/stats/2021/england_wales/census2021-ts003/census2021-ts003-oa.csv,,household_composition_single_family_household_lone_parent_family_with_dependent_children_measures_value,,
inst/extdata/stats/2021/england_wales/census2021-ts003/census2021-ts003-oa.csv,,household_composition_single_family_household_married_or_civil_partnership_couple_all_children_non_dependent_measures_value,,
inst/extdata/stats/2021/england_wales/census2021-ts003/census2021-ts003-oa.csv,,household_composition_single_family_household_married_or_civil_partnership_couple_dependent_children_measures_value,,
inst/extdata/stats/2021/england_wales/census2021-ts003/census2021-ts003-oa.csv,,household_composition_single_family_household_married_or_civil_partnership_couple_measures_value,,
inst/extdata/stats/2021/england_wales/census2021-ts003/census2021-ts003-oa.csv,,household_composition_single_family_household_married_or_civil_partnership_couple_no_children_measures_value,,
inst/extdata/stats/2021/england_wales/census2021-ts003/census2021-ts003-oa.csv,,household_composition_single_family_household_measures_value,,
inst/extdata/stats/2021/england_wales/census2021-ts003/census2021-ts003-oa.csv,,household_composition_single_family_household_other_single_family_household_measures_value,,
inst/extdata/stats/2021/england_wales/census2021-ts003/census2021-ts003-oa.csv,,household_composition_single_family_household_other_single_family_household_other_family_composition_measures_value,,
inst/extdata/stats/2021/england_wales/census2021-ts003/census2021-ts003-oa.csv,,household_composition_total_measures_value,,FALSE
inst/extdata/stats/2021/england_wales/census2021-ts004/census2021-ts004-oa.csv,,country_of_birth_africa_measures_value,,
inst/extdata/stats/2021/england_wales/census2021-ts004/census2021-ts004-oa.csv,,country_of_birth_antarctica_and_oceania_including_australasia_and_other_measures_value,,
inst/extdata/stats/2021/england_wales/census2021-ts004/census2021-ts004-oa.csv,,country_of_birth_british_overseas_measures_value,,
inst/extdata/stats/2021/england_wales/census2021-ts004/census2021-ts004-oa.csv,,country_of_birth_europe_eu_countries_all_other_eu_countries_measures_value,,
inst/extdata/stats/2021/england_wales/census2021-ts004/census2021-ts004-oa.csv,,country_of_birth_europe_eu_countries_european_union_eu14_measures_value,,
inst/extdata/stats/2021/england_wales/census2021-ts004/census2021-ts004-oa.csv,,country_of_birth_europe_eu_countries_european_union_eu2_measures_value,,
inst/extdata/stats/2021/england_wales/census2021-ts004/census2021-ts004-oa.csv,,country_of_birth_europe_eu_countries_european_union_eu8_measures_value,,
inst/extdata/stats/2021/england_wales/census2021-ts004/census2021-ts004-oa.csv,,country_of_birth_europe_eu_countries_measures_value,,
inst/extdata/stats/2021/england_wales/census2021-ts004/census2021-ts004-oa.csv,,country_of_birth_europe_measures_value,,
inst/extdata/stats/2021/england_wales/census2021-ts004/census2021-ts004-oa.csv,,country_of_birth_europe_non_eu_countries_all_other_non_eu_countries_measures_value,,
inst/extdata/stats/2021/england_wales/census2021-ts004/census2021-ts004-oa.csv,,country_of_birth_europe_non_eu_countries_measures_value,,
inst/extdata/stats/2021/england_wales/census2021-ts004/census2021-ts004-oa.csv,,country_of_birth_europe_united_kingdom_measures_value,,
inst/extdata/stats/2021/england_wales/census2021-ts004/census2021-ts004-oa.csv,,country_of_birth_middle_east_and_asia_measures_value,,
inst/extdata/stats/2021/england_wales/census2021-ts004/census2021-ts004-oa.csv,,country_of_birth_the_americas_and_the_caribbean_measures_value,,
inst/extdata/stats/2021/england_wales/census2021-ts004/census2021-ts004-oa.csv,,country_of_birth_total_measures_value,,FALSE
inst/extdata/stats/2021/england_wales/census2021-ts005/census2021-ts005-oa.csv,,passports_held_africa_central_and_western_africa_measures_value,,FALSE
inst/extdata/stats/2021/england_wales/census2021-ts005/census2021-ts005-oa.csv,,passports_held_africa_measures_value,,TRUE
inst/extdata/stats/2021/england_wales/census2021-ts005/census2021-ts005-oa.csv,,passports_held_africa_north_africa_measures_value,,FALSE
inst/extdata/stats/2021/england_wales/census2021-ts005/census2021-ts005-oa.csv,,passports_held_africa_south_and_eastern_africa_measures_value,,FALSE
inst/extdata/stats/2021/england_wales/census2021-ts005/census2021-ts005-oa.csv,,passports_held_antarctica_and_oceania_including_australasia_measures_value,,FALSE
inst/extdata/stats/2021/england_wales/census2021-ts005/census2021-ts005-oa.csv,,passports_held_british_overseas_territories_measures_value,,FALSE
inst/extdata/stats/2021/england_wales/census2021-ts005/census2021-ts005-oa.csv,,passports_held_europe_ireland_measures_value,,FALSE
inst/extdata/stats/2021/england_wales/census2021-ts005/census2021-ts005-oa.csv,,passports_held_europe_measures_value,,TRUE
inst/extdata/stats/2021/england_wales/census2021-ts005/census2021-ts005-oa.csv,,passports_held_europe_other_europe_eu_member_countries_france_measures_value,,FALSE
inst/extdata/stats/2021/england_wales/census2021-ts005/census2021-ts005-oa.csv,,passports_held_europe_other_europe_eu_member_countries_germany_measures_value,,FALSE
inst/extdata/stats/2021/england_wales/census2021-ts005/census2021-ts005-oa.csv,,passports_held_europe_other_europe_eu_member_countries_italy_measures_value,,FALSE
inst/extdata/stats/2021/england_wales/census2021-ts005/census2021-ts005-oa.csv,,passports_held_europe_other_europe_eu_member_countries_lithuania_measures_value,,FALSE
inst/extdata/stats/2021/england_wales/census2021-ts005/census2021-ts005-oa.csv,,passports_held_europe_other_europe_eu_member_countries_measures_value,,FALSE
inst/extdata/stats/2021/england_wales/census2021-ts005/census2021-ts005-oa.csv,,passports_held_europe_other_europe_eu_member_countries_other_eu_countries_measures_value,,FALSE
inst/extdata/stats/2021/england_wales/census2021-ts005/census2021-ts005-oa.csv,,passports_held_europe_other_europe_eu_member_countries_poland_measures_value,,FALSE
inst/extdata/stats/2021/england_wales/census2021-ts005/census2021-ts005-oa.csv,,passports_held_europe_other_europe_eu_member_countries_portugal_measures_value,,FALSE
inst/extdata/stats/2021/england_wales/census2021-ts005/census2021-ts005-oa.csv,,passports_held_europe_other_europe_eu_member_countries_romania_measures_value,,FALSE
inst/extdata/stats/2021/england_wales/census2021-ts005/census2021-ts005-oa.csv,,passports_held_europe_other_europe_eu_member_countries_spain_measures_value,,FALSE
inst/extdata/stats/2021/england_wales/census2021-ts005/census2021-ts005-oa.csv,,passports_held_europe_other_europe_measures_value,,FALSE
inst/extdata/stats/2021/england_wales/census2021-ts005/census2021-ts005-oa.csv,,passports_held_europe_other_europe_rest_of_europe_measures_value,,FALSE
inst/extdata/stats/2021/england_wales/census2021-ts005/census2021-ts005-oa.csv,,passports_held_europe_other_europe_rest_of_europe_other_europe_measures_value,,FALSE
inst/extdata/stats/2021/england_wales/census2021-ts005/census2021-ts005-oa.csv,,passports_held_europe_other_europe_rest_of_europe_turkey_measures_value,,FALSE
inst/extdata/stats/2021/england_wales/census2021-ts005/census2021-ts005-oa.csv,,passports_held_europe_united_kingdom_measures_value,,TRUE
inst/extdata/stats/2021/england_wales/census2021-ts005/census2021-ts005-oa.csv,,passports_held_middle_east_and_asia_central_asia_measures_value,,FALSE
inst/extdata/stats/2021/england_wales/census2021-ts005/census2021-ts005-oa.csv,,passports_held_middle_east_and_asia_eastern_asia_measures_value,,FALSE
inst/extdata/stats/2021/england_wales/census2021-ts005/census2021-ts005-oa.csv,,passports_held_middle_east_and_asia_measures_value,,TRUE
inst/extdata/stats/2021/england_wales/census2021-ts005/census2021-ts005-oa.csv,,passports_held_middle_east_and_asia_middle_east_measures_value,,FALSE
inst/extdata/stats/2021/england_wales/census2021-ts005/census2021-ts005-oa.csv,,passports_held_middle_east_and_asia_south_east_asia_measures_value,,FALSE
inst/extdata/stats/2021/england_wales/census2021-ts005/census2021-ts005-oa.csv,,passports_held_middle_east_and_asia_southern_asia_measures_value,,FALSE
inst/extdata/stats/2021/england_wales/census2021-ts005/census2021-ts005-oa.csv,,passports_held_no_passport_held_measures_value,,TRUE
inst/extdata/stats/2021/england_wales/census2021-ts005/census2021-ts005-oa.csv,,passports_held_the_americas_and_the_caribbean_central_and_south_america_measures_value,,FALSE
inst/extdata/stats/2021/england_wales/census2021-ts005/census2021-ts005-oa.csv,,passports_held_the_americas_and_the_caribbean_measures_value,,TRUE
inst/extdata/stats/2021/england_wales/census2021-ts005/census2021-ts005-oa.csv,,passports_held_the_americas_and_the_caribbean_north_america_and_the_caribbean_measures_value,,FALSE
inst/extdata/stats/2021/england_wales/census2021-ts005/census2021-ts005-oa.csv,,passports_held_total_measures_value,,FALSE
inst/extdata/stats/2021/england_wales/census2021-ts006/census2021-ts006-oa.csv,,population_density_persons_per_square_kilometre_measures_value,,FALSE
inst/extdata/stats/2021/england_wales/census2021-ts007a/census2021-ts007a-oa.csv,,age_aged_10_to_14_years,,
inst/extdata/stats/2021/england_wales/census2021-ts007a/census2021-ts007a-oa.csv,,age_aged_15_to_19_years,,
inst/extdata/stats/2021/england_wales/census2021-ts007a/census2021-ts007a-oa.csv,,age_aged_20_to_24_years,,
inst/extdata/stats/2021/england_wales/census2021-ts007a/census2021-ts007a-oa.csv,,age_aged_25_to_29_years,,
inst/extdata/stats/2021/england_wales/census2021-ts007a/census2021-ts007a-oa.csv,,age_aged_30_to_34_years,,
inst/extdata/stats/2021/england_wales/census2021-ts007a/census2021-ts007a-oa.csv,,age_aged_35_to_39_years,,
inst/extdata/stats/2021/england_wales/census2021-ts007a/census2021-ts007a-oa.csv,,age_aged_40_to_44_years,,
inst/extdata/stats/2021/england_wales/census2021-ts007a/census2021-ts007a-oa.csv,,age_aged_45_to_49_years,,
inst/extdata/stats/2021/england_wales/census2021-ts007a/census2021-ts007a-oa.csv,,age_aged_4_years_and_under,,
inst/extdata/stats/2021/england_wales/census2021-ts007a/census2021-ts007a-oa.csv,,age_aged_50_to_54_years,,
inst/extdata/stats/2021/england_wales/census2021-ts007a/census2021-ts007a-oa.csv,,age_aged_55_to_59_years,,
inst/extdata/stats/2021/england_wales/census2021-ts007a/census2021-ts007a-oa.csv,,age_aged_5_to_9_years,,
inst/extdata/stats/2021/england_wales/census2021-ts007a/census2021-ts007a-oa.csv,,age_aged_60_to_64_years,,
inst/extdata/stats/2021/england_wales/census2021-ts007a/census2021-ts007a-oa.csv,,age_aged_65_to_69_years,,
inst/extdata/stats/2021/england_wales/census2021-ts007a/census2021-ts007a-oa.csv,,age_aged_70_to_74_years,,
inst/extdata/stats/2021/england_wales/census2021-ts007a/census2021-ts007a-oa.csv,,age_aged_75_to_79_years,,
inst/extdata/stats/2021/england_wales/census2021-ts007a/census2021-ts007a-oa.csv,,age_aged_80_to_84_years,,
inst/extdata/stats/2021/england_wales/census2021-ts007a/census2021-ts007a-oa.csv,,age_aged_85_years_and_over,,
inst/extdata/stats/2021/england_wales/census2021-ts007a/census2021-ts007a-oa.csv,,age_total,,FALSE
inst/extdata/stats/2021/england_wales/census2021-ts008/census2021-ts008-oa.csv,,sex_all_persons_measures_value,,
inst/extdata/stats/2021/england_wales/census2021-ts008/census2021-ts008-oa.csv,,sex_female_measures_value,,
inst/extdata/stats/2021/england_wales/census2021-ts008/census2021-ts008-oa.csv,,sex_male_measures_value,,
inst/extdata/stats/2021/england_wales/census2021-ts011/census2021-ts011-oa.csv,,household_deprivation_household_is_deprived_in_four_dimensions_measures_value,,
inst/extdata/stats/2021/england_wales/census2021-ts011/census2021-ts011-oa.csv,,household_deprivation_household_is_deprived_in_one_dimension_measures_value,,
inst/extdata/stats/2021/england_wales/census2021-ts011/census2021-ts011-oa.csv,,household_deprivation_household_is_deprived_in_three_dimensions_measures_value,,
inst/extdata/stats/2021/england_wales/census2021-ts011/census2021-ts011-oa.csv,,household_deprivation_household_is_deprived_in_two_dimensions_measures_value,,
inst/extdata/stats/2021/england_wales/census2021-ts011/census2021-ts011-oa.csv,,household_deprivation_household_is_not_deprived_in_any_dimension_measures_value,,
inst/extdata/stats/2021/england_wales/census2021-ts011/census2021-ts011-oa.csv,,household_deprivation_total_all_households_measures_value,,
inst/extdata/stats/2021/england_wales/census2021-ts015/census2021-ts015-oa.csv,,year_of_arrival_in_the_uk_arrived_1951_to_1960_measures_value,,
inst/extdata/stats/2021/england_wales/census2021-ts015/census2021-ts015-oa.csv,,year_of_arrival_in_the_uk_arrived_1961_to_1970_measures_value,,
inst/extdata/stats/2021/england_wales/census2021-ts015/census2021-ts015-oa.csv,,year_of_arrival_in_the_uk_arrived_1971_to_1980_measures_value,,
inst/extdata/stats/2021/england_wales/census2021-ts015/census2021-ts015-oa.csv,,year_of_arrival_in_the_uk_arrived_1981_to_1990_measures_value,,
inst/extdata/stats/2021/england_wales/census2021-ts015/census2021-ts015-oa.csv,,year_of_arrival_in_the_uk_arrived_1991_to_2000_measures_value,,
inst/extdata/stats/2021/england_wales/census2021-ts015/census2021-ts015-oa.csv,,year_of_arrival_in_the_uk_arrived_2001_to_2010_measures_value,,
inst/extdata/stats/2021/england_wales/census2021-ts015/census2021-ts015-oa.csv,,year_of_arrival_in_the_uk_arrived_2011_to_2013_measures_value,,
inst/extdata/stats/2021/england_wales/census2021-ts015/census2021-ts015-oa.csv,,year_of_arrival_in_the_uk_arrived_2014_to_2016_measures_value,,
inst/extdata/stats/2021/england_wales/census2021-ts015/census2021-ts015-oa.csv,,year_of_arrival_in_the_uk_arrived_2017_to_2019_measures_value,,
inst/extdata/stats/2021/england_wales/census2021-ts015/census2021-ts015-oa.csv,,year_of_arrival_in_the_uk_arrived_2020_to_2021_measures_value,,
inst/extdata/stats/2021/england_wales/census2021-ts015/census2021-ts015-oa.csv,,year_of_arrival_in_the_uk_arrived_before_1951_measures_value,,
inst/extdata/stats/2021/england_wales/census2021-ts015/census2021-ts015-oa.csv,,year_of_arrival_in_the_uk_born_in_the_uk_measures_value,,
inst/extdata/stats/2021/england_wales/census2021-ts015/census2021-ts015-oa.csv,,year_of_arrival_in_the_uk_total_all_usual_residents_measures_value,,
inst/extdata/stats/2021/england_wales/census2021-ts016/census2021-ts016-oa.csv,,length_of_residence_in_the_uk_10_years_or_more_measures_value,,
inst/extdata/stats/2021/england_wales/census2021-ts016/census2021-ts016-oa.csv,,length_of_residence_in_the_uk_2_years_or_more_but_less_than_5_years_measures_value,,
inst/extdata/stats/2021/england_wales/census2021-ts016/census2021-ts016-oa.csv,,length_of_residence_in_the_uk_5_years_or_more_but_less_than_10_years_measures_value,,
inst/extdata/stats/2021/england_wales/census2021-ts016/census2021-ts016-oa.csv,,length_of_residence_in_the_uk_born_in_the_uk_measures_value,,
inst/extdata/stats/2021/england_wales/census2021-ts016/census2021-ts016-oa.csv,,length_of_residence_in_the_uk_less_than_2_years_measures_value,,
inst/extdata/stats/2021/england_wales/census2021-ts016/census2021-ts016-oa.csv,,length_of_residence_in_the_uk_total_all_usual_residents_measures_value,,
inst/extdata/stats/2021/england_wales/census2021-ts017/census2021-ts017-oa.csv,,household_size_0_people_in_household_measures_value,,
inst/extdata/stats/2021/england_wales/census2021-ts017/census2021-ts017-oa.csv,,household_size_1_person_in_household_measures_value,,
inst/extdata/stats/2021/england_wales/census2021-ts017/census2021-ts017-oa.csv,,household_size_2_people_in_household_measures_value,,
inst/extdata/stats/2021/england_wales/census2021-ts017/census2021-ts017-oa.csv,,household_size_3_people_in_household_measures_value,,
inst/extdata/stats/2021/england_wales/census2021-ts017/census2021-ts017-oa.csv,,household_size_4_people_in_household_measures_value,,
inst/extdata/stats/2021/england_wales/census2021-ts017/census2021-ts017-oa.csv,,household_size_5_people_in_household_measures_value,,
inst/extdata/stats/2021/england_wales/census2021-ts017/census2021-ts017-oa.csv,,household_size_6_people_in_household_measures_value,,
inst/extdata/stats/2021/england_wales/census2021-ts017/census2021-ts017-oa.csv,,household_size_7_people_in_household_measures_value,,
inst/extdata/stats/2021/england_wales/census2021-ts017/census2021-ts017-oa.csv,,household_size_8_or_more_people_in_household_measures_value,,
inst/extdata/stats/2021/england_wales/census2021-ts017/census2021-ts017-oa.csv,,household_size_total_all_household_spaces_measures_value,,
inst/extdata/stats/2021/england_wales/census2021-ts018/census2021-ts018-oa.csv,,age_of_arrival_in_the_uk_arrived_in_the_uk_aged_0_to_4_years_measures_value,,
inst/extdata/stats/2021/england_wales/census2021-ts018/census2021-ts018-oa.csv,,age_of_arrival_in_the_uk_arrived_in_the_uk_aged_10_to_14_years_measures_value,,
inst/extdata/stats/2021/england_wales/census2021-ts018/census2021-ts018-oa.csv,,age_of_arrival_in_the_uk_arrived_in_the_uk_aged_15_years_measures_value,,
inst/extdata/stats/2021/england_wales/census2021-ts018/census2021-ts018-oa.csv,,age_of_arrival_in_the_uk_arrived_in_the_uk_aged_16_to_17_years_measures_value,,
inst/extdata/stats/2021/england_wales/census2021-ts018/census2021-ts018-oa.csv,,age_of_arrival_in_the_uk_arrived_in_the_uk_aged_18_to_19_years_measures_value,,
inst/extdata/stats/2021/england_wales/census2021-ts018/census2021-ts018-oa.csv,,age_of_arrival_in_the_uk_arrived_in_the_uk_aged_20_to_24_years_measures_value,,
inst/extdata/stats/2021/england_wales/census2021-ts018/census2021-ts018-oa.csv,,age_of_arrival_in_the_uk_arrived_in_the_uk_aged_25_to_29_years_measures_value,,
inst/extdata/stats/2021/england_wales/census2021-ts018/census2021-ts018-oa.csv,,age_of_arrival_in_the_uk_arrived_in_the_uk_aged_30_to_44_years_measures_value,,
inst/extdata/stats/2021/england_wales/census2021-ts018/census2021-ts018-oa.csv,,age_of_arrival_in_the_uk_arrived_in_the_uk_aged_45_to_59_years_measures_value,,
inst/extdata/stats/2021/england_wales/census2021-ts018/census2021-ts018-oa.csv,,age_of_arrival_in_the_uk_arrived_in_the_uk_aged_5_to_7_years_measures_value,,
inst/extdata/stats/2021/england_wales/census2021-ts018/census2021-ts018-oa.csv,,age_of_arrival_in_the_uk_arrived_in_the_uk_aged_60_to_64_years_measures_value,,
inst/extdata/stats/2021/england_wales/census2021-ts018/census2021-ts018-oa.csv,,age_of_arrival_in_the_uk_arrived_in_the_uk_aged_65_to_74_years_measures_value,,
inst/extdata/stats/2021/england_wales/census2021-ts018/census2021-ts018-oa.csv,,age_of_arrival_in_the_uk_arrived_in_the_uk_aged_75_to_84_years_measures_value,,
inst/extdata/stats/2021/england_wales/census2021-ts018/census2021-ts018-oa.csv,,age_of_arrival_in_the_uk_arrived_in_the_uk_aged_85_to_89_years_measures_value,,
inst/extdata/stats/2021/england_wales/census2021-ts018/census2021-ts018-oa.csv,,age_of_arrival_in_the_uk_arrived_in_the_uk_aged_8_to_9_years_measures_value,,
inst/extdata/stats/2021/england_wales/census2021-ts018/census2021-ts018-oa.csv,,age_of_arrival_in_the_uk_arrived_in_the_uk_aged_90_years_and_over_measures_value,,
inst/extdata/stats/2021/england_wales/census2021-ts018/census2021-ts018-oa.csv,,age_of_arrival_in_the_uk_arrived_in_the_uk_measures_value,,
inst/extdata/stats/2021/england_wales/census2021-ts018/census2021-ts018-oa.csv,,age_of_arrival_in_the_uk_born_in_the_uk_measures_value,,
inst/extdata/stats/2021/england_wales/census2021-ts018/census2021-ts018-oa.csv,,age_of_arrival_in_the_uk_total_all_usual_residents_measures_value,,
inst/extdata/stats/2021/england_wales/census2021-ts019/census2021-ts019-oa.csv,,migrant_indicator_address_one_year_ago_is_student_term_time_or_boarding_school_address_in_the_uk_measures_value,,
inst/extdata/stats/2021/england_wales/census2021-ts019/census2021-ts019-oa.csv,,migrant_indicator_address_one_year_ago_is_the_same_as_the_address_of_enumeration_measures_value,,
inst/extdata/stats/2021/england_wales/census2021-ts019/census2021-ts019-oa.csv,,migrant_indicator_migrant_from_outside_the_uk_address_one_year_ago_was_outside_the_uk_measures_value,,
inst/extdata/stats/2021/england_wales/census2021-ts019/census2021-ts019-oa.csv,,migrant_indicator_migrant_from_within_the_uk_address_one_year_ago_was_in_the_uk_measures_value,,
inst/extdata/stats/2021/england_wales/census2021-ts019/census2021-ts019-oa.csv,,migrant_indicator_total_all_usual_residents_measures_value,,
inst/extdata/stats/2021/england_wales/census2021-ts020/census2021-ts020-oa.csv,,sex_all_persons_measures_value,,
inst/extdata/stats/2021/england_wales/census2021-ts020/census2021-ts020-oa.csv,,sex_female_measures_value,,
inst/extdata/stats/2021/england_wales/census2021-ts020/census2021-ts020-oa.csv,,sex_male_measures_value,,
inst/extdata/stats/2021/england_wales/census2021-ts021/census2021-ts021-oa.csv,,ethnic_group_asian_asian_british_or_asian_welsh,,
inst/extdata/stats/2021/england_wales/census2021-ts021/census2021-ts021-oa.csv,,ethnic_group_asian_asian_british_or_asian_welsh_bangladeshi,,
inst/extdata/stats/2021/england_wales/census2021-ts021/census2021-ts021-oa.csv,,ethnic_group_asian_asian_british_or_asian_welsh_chinese,,
inst/extdata/stats/2021/england_wales/census2021-ts021/census2021-ts021-oa.csv,,ethnic_group_asian_asian_british_or_asian_welsh_indian,,
inst/extdata/stats/2021/england_wales/census2021-ts021/census2021-ts021-oa.csv,,ethnic_group_asian_asian_british_or_asian_welsh_other_asian,,
inst/extdata/stats/2021/england_wales/census2021-ts021/census2021-ts021-oa.csv,,ethnic_group_asian_asian_british_or_asian_welsh_pakistani,,
inst/extdata/stats/2021/england_wales/census2021-ts021/census2021-ts021-oa.csv,,ethnic_group_black_black_british_black_welsh_caribbean_or_african,,
inst/extdata/stats/2021/england_wales/census2021-ts021/census2021-ts021-oa.csv,,ethnic_group_black_black_british_black_welsh_caribbean_or_african_african,,
inst/extdata/stats/2021/england_wales/census2021-ts021/census2021-ts021-oa.csv,,ethnic_group_black_black_british_black_welsh_caribbean_or_african_caribbean,,
inst/extdata/stats/2021/england_wales/census2021-ts021/census2021-ts021-oa.csv,,ethnic_group_black_black_british_black_welsh_caribbean_or_african_other_black,,
inst/extdata/stats/2021/england_wales/census2021-ts021/census2021-ts021-oa.csv,,ethnic_group_mixed_or_multiple_ethnic_groups,,
inst/extdata/stats/2021/england_wales/census2021-ts021/census2021-ts021-oa.csv,,ethnic_group_mixed_or_multiple_ethnic_groups_other_mixed_or_multiple_ethnic_groups,,
inst/extdata/stats/2021/england_wales/census2021-ts021/census2021-ts021-oa.csv,,ethnic_group_mixed_or_multiple_ethnic_groups_white_and_asian,,
inst/extdata/stats/2021/england_wales/census2021-ts021/census2021-ts021-oa.csv,,ethnic_group_mixed_or_multiple_ethnic_groups_white_and_black_african,,
inst/extdata/stats/2021/england_wales/census2021-ts021/census2021-ts021-oa.csv,,ethnic_group_mixed_or_multiple_ethnic_groups_white_and_black_caribbean,,
inst/extdata/stats/2021/england_wales/census2021-ts021/census2021-ts021-oa.csv,,ethnic_group_other_ethnic_group,,
inst/extdata/stats/2021/england_wales/census2021-ts021/census2021-ts021-oa.csv,,ethnic_group_other_ethnic_group_any_other_ethnic_group,,
inst/extdata/stats/2021/england_wales/census2021-ts021/census2021-ts021-oa.csv,,ethnic_group_other_ethnic_group_arab,,
inst/extdata/stats/2021/england_wales/census2021-ts021/census2021-ts021-oa.csv,,ethnic_group_total_all_usual_residents,,
inst/extdata/stats/2021/england_wales/census2021-ts021/census2021-ts021-oa.csv,,ethnic_group_white,,
inst/extdata/stats/2021/england_wales/census2021-ts021/census2021-ts021-oa.csv,,ethnic_group_white_english_welsh_scottish_northern_irish_or_british,,
inst/extdata/stats/2021/england_wales/census2021-ts021/census2021-ts021-oa.csv,,ethnic_group_white_gypsy_or_irish_traveller,,
inst/extdata/stats/2021/england_wales/census2021-ts021/census2021-ts021-oa.csv,,ethnic_group_white_irish,,
inst/extdata/stats/2021/england_wales/census2021-ts021/census2021-ts021-oa.csv,,ethnic_group_white_other_white,,
inst/extdata/stats/2021/england_wales/census2021-ts021/census2021-ts021-oa.csv,,ethnic_group_white_roma,,
inst/extdata/stats/2021/england_wales/census2021-ts025/census2021-ts025-oa.csv,,household_language_english_and_welsh_all_adults_in_household_have_english_in_england_or_english_or_welsh_in_wales_as_a_main_language,,
inst/extdata/stats/2021/england_wales/census2021-ts025/census2021-ts025-oa.csv,,household_language_english_and_welsh_at_least_one_but_not_all_adults_in_household_have_english_in_england_or_english_or_welsh_in_wales_as_a_main_language,,
inst/extdata/stats/2021/england_wales/census2021-ts025/census2021-ts025-oa.csv,,household_language_english_and_welsh_no_adults_in_household_but_at_least_one_person_aged_3_to_15_years_has_english_in_england_or_english_or_welsh_in_wales_as_a_main_language,,
inst/extdata/stats/2021/england_wales/census2021-ts025/census2021-ts025-oa.csv,,household_language_english_and_welsh_no_people_in_household_have_english_in_england_or_english_or_welsh_in_wales_as_a_main_language,,
inst/extdata/stats/2021/england_wales/census2021-ts025/census2021-ts025-oa.csv,,household_language_english_and_welsh_total_all_households,,
inst/extdata/stats/2021/england_wales/census2021-ts027/census2021-ts027-oa.csv,,national_identity_any_other_combination_of_only_uk_identities_10,,
inst/extdata/stats/2021/england_wales/census2021-ts027/census2021-ts027-oa.csv,,national_identity_any_other_combination_of_only_uk_identities_17,,
inst/extdata/stats/2021/england_wales/census2021-ts027/census2021-ts027-oa.csv,,national_identity_british_only_identity,,
inst/extdata/stats/2021/england_wales/census2021-ts027/census2021-ts027-oa.csv,,national_identity_cornish_and_british_only_identity,,
inst/extdata/stats/2021/england_wales/census2021-ts027/census2021-ts027-oa.csv,,national_identity_cornish_only_identity,,
inst/extdata/stats/2021/england_wales/census2021-ts027/census2021-ts027-oa.csv,,national_identity_english_and_british_only_identity,,
inst/extdata/stats/2021/england_wales/census2021-ts027/census2021-ts027-oa.csv,,national_identity_english_only_identity,,
inst/extdata/stats/2021/england_wales/census2021-ts027/census2021-ts027-oa.csv,,national_identity_irish_and_at_least_one_uk_identity,,
inst/extdata/stats/2021/england_wales/census2021-ts027/census2021-ts027-oa.csv,,national_identity_irish_only_identity,,
inst/extdata/stats/2021/england_wales/census2021-ts027/census2021-ts027-oa.csv,,national_identity_non_uk_identity_only,,
inst/extdata/stats/2021/england_wales/census2021-ts027/census2021-ts027-oa.csv,,national_identity_northern_irish_and_british_only_identity,,
inst/extdata/stats/2021/england_wales/census2021-ts027/census2021-ts027-oa.csv,,national_identity_northern_irish_only_identity,,
inst/extdata/stats/2021/england_wales/census2021-ts027/census2021-ts027-oa.csv,,national_identity_other_identity_and_at_least_one_uk_identity,,
inst/extdata/stats/2021/england_wales/census2021-ts027/census2021-ts027-oa.csv,,national_identity_other_identity_only,,
inst/extdata/stats/2021/england_wales/census2021-ts027/census2021-ts027-oa.csv,,national_identity_scottish_and_british_only_identity,,
inst/extdata/stats/2021/england_wales/census2021-ts027/census2021-ts027-oa.csv,,national_identity_scottish_only_identity,,
inst/extdata/stats/2021/england_wales/census2021-ts027/census2021-ts027-oa.csv,,national_identity_total_all_usual_residents,,
inst/extdata/stats/2021/england_wales/census2021-ts027/census2021-ts027-oa.csv,,national_identity_uk_identity_and_non_uk_identity,,
inst/extdata/stats/2021/england_wales/census2021-ts027/census2021-ts027-oa.csv,,national_identity_welsh_and_british_only_identity,,
inst/extdata/stats/2021/england_wales/census2021-ts027/census2021-ts027-oa.csv,,national_identity_welsh_only_identity,,
inst/extdata/stats/2021/england_wales/census2021-ts029/census2021-ts029-oa.csv,,proficiency_in_english_language_main_language_is_english_english_or_welsh_in_wales,,
inst/extdata/stats/2021/england_wales/census2021-ts029/census2021-ts029-oa.csv,,proficiency_in_english_language_main_language_is_not_english_english_or_welsh_in_wales,,
inst/extdata/stats/2021/england_wales/census2021-ts029/census2021-ts029-oa.csv,,proficiency_in_english_language_main_language_is_not_english_english_or_welsh_in_wales_can_speak_english_very_well,,
inst/extdata/stats/2021/england_wales/census2021-ts029/census2021-ts029-oa.csv,,proficiency_in_english_language_main_language_is_not_english_english_or_welsh_in_wales_can_speak_english_well,,
inst/extdata/stats/2021/england_wales/census2021-ts029/census2021-ts029-oa.csv,,proficiency_in_english_language_main_language_is_not_english_english_or_welsh_in_wales_cannot_speak_english,,
inst/extdata/stats/2021/england_wales/census2021-ts029/census2021-ts029-oa.csv,,proficiency_in_english_language_main_language_is_not_english_english_or_welsh_in_wales_cannot_speak_english_well,,
inst/extdata/stats/2021/england_wales/census2021-ts029/census2021-ts029-oa.csv,,proficiency_in_english_language_total_all_usual_residents_aged_3_years_and_over,,
inst/extdata/stats/2021/england_wales/census2021-ts030/census2021-ts030-oa.csv,,religion_buddhist,,
inst/extdata/stats/2021/england_wales/census2021-ts030/census2021-ts030-oa.csv,,religion_christian,,
inst/extdata/stats/2021/england_wales/census2021-ts030/census2021-ts030-oa.csv,,religion_hindu,,
inst/extdata/stats/2021/england_wales/census2021-ts030/census2021-ts030-oa.csv,,religion_jewish,,
inst/extdata/stats/2021/england_wales/census2021-ts030/census2021-ts030-oa.csv,,religion_muslim,,
inst/extdata/stats/2021/england_wales/census2021-ts030/census2021-ts030-oa.csv,,religion_no_religion,,
inst/extdata/stats/2021/england_wales/census2021-ts030/census2021-ts030-oa.csv,,religion_not_answered,,
inst/extdata/stats/2021/england_wales/census2021-ts030/census2021-ts030-oa.csv,,religion_other_religion,,
inst/extdata/stats/2021/england_wales/census2021-ts030/census2021-ts030-oa.csv,,religion_sikh,,
inst/extdata/stats/2021/england_wales/census2021-ts030/census2021-ts030-oa.csv,,religion_total_all_usual_residents,,
inst/extdata/stats/2021/england_wales/census2021-ts037/census2021-ts037-oa.csv,,general_health_bad_health,,
inst/extdata/stats/2021/england_wales/census2021-ts037/census2021-ts037-oa.csv,,general_health_fair_health,,
inst/extdata/stats/2021/england_wales/census2021-ts037/census2021-ts037-oa.csv,,general_health_good_health,,
inst/extdata/stats/2021/england_wales/census2021-ts037/census2021-ts037-oa.csv,,general_health_total_all_usual_residents,,
inst/extdata/stats/2021/england_wales/census2021-ts037/census2021-ts037-oa.csv,,general_health_very_bad_health,,
inst/extdata/stats/2021/england_wales/census2021-ts037/census2021-ts037-oa.csv,,general_health_very_good_health,,
inst/extdata/stats/2021/england_wales/census2021-ts038/census2021-ts038-oa.csv,,disability_disabled_under_the_equality_act,,
inst/extdata/stats/2021/england_wales/census2021-ts038/census2021-ts038-oa.csv,,disability_disabled_under_the_equality_act_day_to_day_activities_limited_a_little,,
inst/extdata/stats/2021/england_wales/census2021-ts038/census2021-ts038-oa.csv,,disability_disabled_under_the_equality_act_day_to_day_activities_limited_a_lot,,
inst/extdata/stats/2021/england_wales/census2021-ts038/census2021-ts038-oa.csv,,disability_not_disabled_under_the_equality_act,,
inst/extdata/stats/2021/england_wales/census2021-ts038/census2021-ts038-oa.csv,,disability_not_disabled_under_the_equality_act_has_long_term_physical_or_mental_health_condition_but_day_to_day_activities_are_not_limited,,
inst/extdata/stats/2021/england_wales/census2021-ts038/census2021-ts038-oa.csv,,disability_not_disabled_under_the_equality_act_no_long_term_physical_or_mental_health_conditions,,
inst/extdata/stats/2021/england_wales/census2021-ts038/census2021-ts038-oa.csv,,disability_total_all_usual_residents,,
inst/extdata/stats/2021/england_wales/census2021-ts039/census2021-ts039-oa.csv,,provision_of_unpaid_care_provides_10_to_19_hours_unpaid_care_a_week,,
inst/extdata/stats/2021/england_wales/census2021-ts039/census2021-ts039-oa.csv,,provision_of_unpaid_care_provides_19_hours_or_less_unpaid_care_a_week,,
inst/extdata/stats/2021/england_wales/census2021-ts039/census2021-ts039-oa.csv,,provision_of_unpaid_care_provides_20_to_34_hours_unpaid_care_a_week,,
inst/extdata/stats/2021/england_wales/census2021-ts039/census2021-ts039-oa.csv,,provision_of_unpaid_care_provides_20_to_49_hours_unpaid_care_a_week,,
inst/extdata/stats/2021/england_wales/census2021-ts039/census2021-ts039-oa.csv,,provision_of_unpaid_care_provides_35_to_49_hours_unpaid_care_a_week,,
inst/extdata/stats/2021/england_wales/census2021-ts039/census2021-ts039-oa.csv,,provision_of_unpaid_care_provides_50_or_more_hours_unpaid_care_a_week,,
inst/extdata/stats/2021/england_wales/census2021-ts039/census2021-ts039-oa.csv,,provision_of_unpaid_care_provides_9_hours_or_less_unpaid_care_a_week,,
inst/extdata/stats/2021/england_wales/census2021-ts039/census2021-ts039-oa.csv,,provision_of_unpaid_care_provides_no_unpaid_care,,
inst/extdata/stats/2021/england_wales/census2021-ts039/census2021-ts039-oa.csv,,provision_of_unpaid_care_total_all_usual_residents_aged_5_and_over,,
inst/extdata/stats/2021/england_wales/census2021-ts040/census2021-ts040-oa.csv,,number_of_disabled_people_in_household_1_person_disabled_under_the_equality_act_in_household,,
inst/extdata/stats/2021/england_wales/census2021-ts040/census2021-ts040-oa.csv,,number_of_disabled_people_in_household_2_or_more_people_disabled_under_the_equality_act_in_household,,
inst/extdata/stats/2021/england_wales/census2021-ts040/census2021-ts040-oa.csv,,number_of_disabled_people_in_household_no_people_disabled_under_the_equality_act_in_household,,
inst/extdata/stats/2021/england_wales/census2021-ts040/census2021-ts040-oa.csv,,number_of_disabled_people_in_household_total_all_households,,
inst/extdata/stats/2021/england_wales/census2021-ts041/census2021-ts041-oa.csv,,number_of_households_number_of_households_measures_value,,
inst/extdata/stats/2021/england_wales/census2021-ts044/census2021-ts044-oa.csv,,accommodation_type_a_caravan_or_other_mobile_or_temporary_structure,,
inst/extdata/stats/2021/england_wales/census2021-ts044/census2021-ts044-oa.csv,,accommodation_type_detached,,
inst/extdata/stats/2021/england_wales/census2021-ts044/census2021-ts044-oa.csv,,accommodation_type_in_a_commercial_building_for_example_in_an_office_building_hotel_or_over_a_shop,,
inst/extdata/stats/2021/england_wales/census2021-ts044/census2021-ts044-oa.csv,,accommodation_type_in_a_purpose_built_block_of_flats_or_tenement,,
inst/extdata/stats/2021/england_wales/census2021-ts044/census2021-ts044-oa.csv,,accommodation_type_part_of_a_converted_or_shared_house_including_bedsits,,
inst/extdata/stats/2021/england_wales/census2021-ts044/census2021-ts044-oa.csv,,accommodation_type_part_of_another_converted_building_for_example_former_school_church_or_warehouse,,
inst/extdata/stats/2021/england_wales/census2021-ts044/census2021-ts044-oa.csv,,accommodation_type_semi_detached,,
inst/extdata/stats/2021/england_wales/census2021-ts044/census2021-ts044-oa.csv,,accommodation_type_terraced,,
inst/extdata/stats/2021/england_wales/census2021-ts044/census2021-ts044-oa.csv,,accommodation_type_total_all_households,,
inst/extdata/stats/2021/england_wales/census2021-ts045/census2021-ts045-oa.csv,,number_of_cars_or_vans_1_car_or_van_in_household,,
inst/extdata/stats/2021/england_wales/census2021-ts045/census2021-ts045-oa.csv,,number_of_cars_or_vans_2_cars_or_vans_in_household,,
inst/extdata/stats/2021/england_wales/census2021-ts045/census2021-ts045-oa.csv,,number_of_cars_or_vans_3_or_more_cars_or_vans_in_household,,
inst/extdata/stats/2021/england_wales/census2021-ts045/census2021-ts045-oa.csv,,number_of_cars_or_vans_no_cars_or_vans_in_household,,
inst/extdata/stats/2021/england_wales/census2021-ts045/census2021-ts045-oa.csv,,number_of_cars_or_vans_total_all_households,,
inst/extdata/stats/2021/england_wales/census2021-ts046/census2021-ts046-oa.csv,,type_of_central_heating_in_household_district_or_communal_heat_networks_only,,
inst/extdata/stats/2021/england_wales/census2021-ts046/census2021-ts046-oa.csv,,type_of_central_heating_in_household_electric_only,,
inst/extdata/stats/2021/england_wales/census2021-ts046/census2021-ts046-oa.csv,,type_of_central_heating_in_household_mains_gas_only,,
inst/extdata/stats/2021/england_wales/census2021-ts046/census2021-ts046-oa.csv,,type_of_central_heating_in_household_no_central_heating,,
inst/extdata/stats/2021/england_wales/census2021-ts046/census2021-ts046-oa.csv,,type_of_central_heating_in_household_oil_only,,
inst/extdata/stats/2021/england_wales/census2021-ts046/census2021-ts046-oa.csv,,type_of_central_heating_in_household_other_central_heating_only,,
inst/extdata/stats/2021/england_wales/census2021-ts046/census2021-ts046-oa.csv,,type_of_central_heating_in_household_renewable_energy_only,,
inst/extdata/stats/2021/england_wales/census2021-ts046/census2021-ts046-oa.csv,,type_of_central_heating_in_household_solid_fuel_only,,
inst/extdata/stats/2021/england_wales/census2021-ts046/census2021-ts046-oa.csv,,type_of_central_heating_in_household_tank_or_bottled_gas_only,,
inst/extdata/stats/2021/england_wales/census2021-ts046/census2021-ts046-oa.csv,,type_of_central_heating_in_household_total_all_households,,
inst/extdata/stats/2021/england_wales/census2021-ts046/census2021-ts046-oa.csv,,type_of_central_heating_in_household_two_or_more_types_of_central_heating_including_renewable_energy,,
inst/extdata/stats/2021/england_wales/census2021-ts046/census2021-ts046-oa.csv,,type_of_central_heating_in_household_two_or_more_types_of_central_heating_not_including_renewable_energy,,
inst/extdata/stats/2021/england_wales/census2021-ts046/census2021-ts046-oa.csv,,type_of_central_heating_in_household_wood_only,,
inst/extdata/stats/2021/england_wales/census2021-ts050/census2021-ts050-oa.csv,,number_of_bedrooms_1_bedroom,,
inst/extdata/stats/2021/england_wales/census2021-ts050/census2021-ts050-oa.csv,,number_of_bedrooms_2_bedrooms,,
inst/extdata/stats/2021/england_wales/census2021-ts050/census2021-ts050-oa.csv,,number_of_bedrooms_3_bedrooms,,
inst/extdata/stats/2021/england_wales/census2021-ts050/census2021-ts050-oa.csv,,number_of_bedrooms_4_or_more_bedrooms,,
inst/extdata/stats/2021/england_wales/census2021-ts050/census2021-ts050-oa.csv,,number_of_bedrooms_total_all_households,,
inst/extdata/stats/2021/england_wales/census2021-ts051/census2021-ts051-oa.csv,,number_of_rooms_voa_1_room,,
inst/extdata/stats/2021/england_wales/census2021-ts051/census2021-ts051-oa.csv,,number_of_rooms_voa_2_rooms,,
inst/extdata/stats/2021/england_wales/census2021-ts051/census2021-ts051-oa.csv,,number_of_rooms_voa_3_rooms,,
inst/extdata/stats/2021/england_wales/census2021-ts051/census2021-ts051-oa.csv,,number_of_rooms_voa_4_rooms,,
inst/extdata/stats/2021/england_wales/census2021-ts051/census2021-ts051-oa.csv,,number_of_rooms_voa_5_rooms,,
inst/extdata/stats/2021/england_wales/census2021-ts051/census2021-ts051-oa.csv,,number_of_rooms_voa_6_rooms,,
inst/extdata/stats/2021/england_wales/census2021-ts051/census2021-ts051-oa.csv,,number_of_rooms_voa_7_rooms,,
inst/extdata/stats/2021/england_wales/census2021-ts051/census2021-ts051-oa.csv,,number_of_rooms_voa_8_rooms,,
inst/extdata/stats/2021/england_wales/census2021-ts051/census2021-ts051-oa.csv,,number_of_rooms_voa_9_or_more_rooms,,
inst/extdata/stats/2021/england_wales/census2021-ts051/census2021-ts051-oa.csv,,number_of_rooms_voa_total_all_households,,
inst/extdata/stats/2021/england_wales/census2021-ts052/census2021-ts052-oa.csv,,occupancy_rating_for_bedrooms_occupancy_rating_of_bedrooms_0,,
inst/extdata/stats/2021/england_wales/census2021-ts052/census2021-ts052-oa.csv,,occupancy_rating_for_bedrooms_occupancy_rating_of_bedrooms_1,,
inst/extdata/stats/2021/england_wales/census2021-ts052/census2021-ts052-oa.csv,,occupancy_rating_for_bedrooms_occupancy_rating_of_bedrooms_1_2,,
inst/extdata/stats/2021/england_wales/census2021-ts052/census2021-ts052-oa.csv,,occupancy_rating_for_bedrooms_occupancy_rating_of_bedrooms_2_or_less,,
inst/extdata/stats/2021/england_wales/census2021-ts052/census2021-ts052-oa.csv,,occupancy_rating_for_bedrooms_occupancy_rating_of_bedrooms_2_or_more,,
inst/extdata/stats/2021/england_wales/census2021-ts052/census2021-ts052-oa.csv,,occupancy_rating_for_bedrooms_total_all_households,,
inst/extdata/stats/2021/england_wales/census2021-ts053/census2021-ts053-oa.csv,,occupancy_rating_for_rooms_occupancy_rating_of_rooms_0,,
inst/extdata/stats/2021/england_wales/census2021-ts053/census2021-ts053-oa.csv,,occupancy_rating_for_rooms_occupancy_rating_of_rooms_1,,
inst/extdata/stats/2021/england_wales/census2021-ts053/census2021-ts053-oa.csv,,occupancy_rating_for_rooms_occupancy_rating_of_rooms_1_2,,
inst/extdata/stats/2021/england_wales/census2021-ts053/census2021-ts053-oa.csv,,occupancy_rating_for_rooms_occupancy_rating_of_rooms_2_or_less,,
inst/extdata/stats/2021/england_wales/census2021-ts053/census2021-ts053-oa.csv,,occupancy_rating_for_rooms_occupancy_rating_of_rooms_2_or_more,,
inst/extdata/stats/2021/england_wales/census2021-ts053/census2021-ts053-oa.csv,,occupancy_rating_for_rooms_total_all_households,,
inst/extdata/stats/2021/england_wales/census2021-ts054/census2021-ts054-oa.csv,,tenure_of_household_lives_rent_free,,
inst/extdata/stats/2021/england_wales/census2021-ts054/census2021-ts054-oa.csv,,tenure_of_household_owned,,
inst/extdata/stats/2021/england_wales/census2021-ts054/census2021-ts054-oa.csv,,tenure_of_household_owned_owns_outright,,
inst/extdata/stats/2021/england_wales/census2021-ts054/census2021-ts054-oa.csv,,tenure_of_household_owned_owns_with_a_mortgage_or_loan,,
inst/extdata/stats/2021/england_wales/census2021-ts054/census2021-ts054-oa.csv,,tenure_of_household_private_rented,,
inst/extdata/stats/2021/england_wales/census2021-ts054/census2021-ts054-oa.csv,,tenure_of_household_private_rented_other_private_rented,,
inst/extdata/stats/2021/england_wales/census2021-ts054/census2021-ts054-oa.csv,,tenure_of_household_private_rented_private_landlord_or_letting_agency,,
inst/extdata/stats/2021/england_wales/census2021-ts054/census2021-ts054-oa.csv,,tenure_of_household_shared_ownership,,
inst/extdata/stats/2021/england_wales/census2021-ts054/census2021-ts054-oa.csv,,tenure_of_household_shared_ownership_shared_ownership,,
inst/extdata/stats/2021/england_wales/census2021-ts054/census2021-ts054-oa.csv,,tenure_of_household_social_rented,,
inst/extdata/stats/2021/england_wales/census2021-ts054/census2021-ts054-oa.csv,,tenure_of_household_social_rented_other_social_rented,,
inst/extdata/stats/2021/england_wales/census2021-ts054/census2021-ts054-oa.csv,,tenure_of_household_social_rented_rents_from_council_or_local_authority,,
inst/extdata/stats/2021/england_wales/census2021-ts054/census2021-ts054-oa.csv,,tenure_of_household_total_all_households,,
inst/extdata/stats/2021/england_wales/census2021-ts055/census2021-ts055-oa.csv,,second_address_type_another_address_when_working_away_from_home,,
inst/extdata/stats/2021/england_wales/census2021-ts055/census2021-ts055-oa.csv,,second_address_type_another_parent_or_guardians_address,,
inst/extdata/stats/2021/england_wales/census2021-ts055/census2021-ts055-oa.csv,,second_address_type_armed_forces_base_address,,
inst/extdata/stats/2021/england_wales/census2021-ts055/census2021-ts055-oa.csv,,second_address_type_holiday_home,,
inst/extdata/stats/2021/england_wales/census2021-ts055/census2021-ts055-oa.csv,,second_address_type_other,,
inst/extdata/stats/2021/england_wales/census2021-ts055/census2021-ts055-oa.csv,,second_address_type_partners_address,,
inst/extdata/stats/2021/england_wales/census2021-ts055/census2021-ts055-oa.csv,,second_address_type_second_address_type_not_specified,,
inst/extdata/stats/2021/england_wales/census2021-ts055/census2021-ts055-oa.csv,,second_address_type_students_home_address,,
inst/extdata/stats/2021/england_wales/census2021-ts055/census2021-ts055-oa.csv,,second_address_type_students_term_time_address,,
inst/extdata/stats/2021/england_wales/census2021-ts055/census2021-ts055-oa.csv,,second_address_type_total_all_usual_residents,,
inst/extdata/stats/2021/england_wales/census2021-ts056/census2021-ts056-oa.csv,,second_address_indicator_no_second_address,,
inst/extdata/stats/2021/england_wales/census2021-ts056/census2021-ts056-oa.csv,,second_address_indicator_second_address_is_in_the_uk,,
inst/extdata/stats/2021/england_wales/census2021-ts056/census2021-ts056-oa.csv,,second_address_indicator_second_address_is_outside_the_uk,,
inst/extdata/stats/2021/england_wales/census2021-ts056/census2021-ts056-oa.csv,,second_address_indicator_total_all_usual_residents,,
inst/extdata/stats/2021/england_wales/census2021-ts058/census2021-ts058-oa.csv,,distance_travelled_to_work_10km_to_less_than_20km,,
inst/extdata/stats/2021/england_wales/census2021-ts058/census2021-ts058-oa.csv,,distance_travelled_to_work_20km_to_less_than_30km,,
inst/extdata/stats/2021/england_wales/census2021-ts058/census2021-ts058-oa.csv,,distance_travelled_to_work_2km_to_less_than_5km,,
inst/extdata/stats/2021/england_wales/census2021-ts058/census2021-ts058-oa.csv,,distance_travelled_to_work_30km_to_less_than_40km,,
inst/extdata/stats/2021/england_wales/census2021-ts058/census2021-ts058-oa.csv,,distance_travelled_to_work_40km_to_less_than_60km,,
inst/extdata/stats/2021/england_wales/census2021-ts058/census2021-ts058-oa.csv,,distance_travelled_to_work_5km_to_less_than_10km,,
inst/extdata/stats/2021/england_wales/census2021-ts058/census2021-ts058-oa.csv,,distance_travelled_to_work_60km_and_over,,
inst/extdata/stats/2021/england_wales/census2021-ts058/census2021-ts058-oa.csv,,distance_travelled_to_work_less_than_2km,,
inst/extdata/stats/2021/england_wales/census2021-ts058/census2021-ts058-oa.csv,,distance_travelled_to_work_total_all_usual_residents_aged_16_years_and_over_in_employment_the_week_before_the_census,,
inst/extdata/stats/2021/england_wales/census2021-ts058/census2021-ts058-oa.csv,,distance_travelled_to_work_works_mainly_at_an_offshore_installation_in_no_fixed_place_or_outside_the_uk,,
inst/extdata/stats/2021/england_wales/census2021-ts058/census2021-ts058-oa.csv,,distance_travelled_to_work_works_mainly_from_home,,
inst/extdata/stats/2021/england_wales/census2021-ts059/census2021-ts059-oa.csv,,hours_worked_full_time,,
inst/extdata/stats/2021/england_wales/census2021-ts059/census2021-ts059-oa.csv,,hours_worked_full_time_31_to_48_hours_worked,,
inst/extdata/stats/2021/england_wales/census2021-ts059/census2021-ts059-oa.csv,,hours_worked_full_time_49_or_more_hours_worked,,
inst/extdata/stats/2021/england_wales/census2021-ts059/census2021-ts059-oa.csv,,hours_worked_part_time,,
inst/extdata/stats/2021/england_wales/census2021-ts059/census2021-ts059-oa.csv,,hours_worked_part_time_15_hours_or_less_worked,,
inst/extdata/stats/2021/england_wales/census2021-ts059/census2021-ts059-oa.csv,,hours_worked_part_time_16_to_30_hours_worked,,
inst/extdata/stats/2021/england_wales/census2021-ts059/census2021-ts059-oa.csv,,hours_worked_total_all_usual_residents_aged_16_years_and_over_in_employment_the_week_before_the_census,,
inst/extdata/stats/2021/england_wales/census2021-ts061/census2021-ts061-oa.csv,,method_of_travel_to_workplace_bicycle,,
inst/extdata/stats/2021/england_wales/census2021-ts061/census2021-ts061-oa.csv,,method_of_travel_to_workplace_bus_minibus_or_coach,,
inst/extdata/stats/2021/england_wales/census2021-ts061/census2021-ts061-oa.csv,,method_of_travel_to_workplace_driving_a_car_or_van,,
inst/extdata/stats/2021/england_wales/census2021-ts061/census2021-ts061-oa.csv,,method_of_travel_to_workplace_motorcycle_scooter_or_moped,,
inst/extdata/stats/2021/england_wales/census2021-ts061/census2021-ts061-oa.csv,,method_of_travel_to_workplace_on_foot,,
inst/extdata/stats/2021/england_wales/census2021-ts061/census2021-ts061-oa.csv,,method_of_travel_to_workplace_other_method_of_travel_to_work,,
inst/extdata/stats/2021/england_wales/census2021-ts061/census2021-ts061-oa.csv,,method_of_travel_to_workplace_passenger_in_a_car_or_van,,
inst/extdata/stats/2021/england_wales/census2021-ts061/census2021-ts061-oa.csv,,method_of_travel_to_workplace_taxi,,
inst/extdata/stats/2021/england_wales/census2021-ts061/census2021-ts061-oa.csv,,method_of_travel_to_workplace_total_all_usual_residents_aged_16_years_and_over_in_employment_the_week_before_the_census,,
inst/extdata/stats/2021/england_wales/census2021-ts061/census2021-ts061-oa.csv,,method_of_travel_to_workplace_train,,
inst/extdata/stats/2021/england_wales/census2021-ts061/census2021-ts061-oa.csv,,method_of_travel_to_workplace_underground_metro_light_rail_tram,,
inst/extdata/stats/2021/england_wales/census2021-ts061/census2021-ts061-oa.csv,,method_of_travel_to_workplace_work_mainly_at_or_from_home,,
inst/extdata/stats/2021/england_wales/census2021-ts062/census2021-ts062-oa.csv,,national_statistics_socio_economic_classification_ns_sec_l10_and_l11_lower_supervisory_and_technical_occupations,,
inst/extdata/stats/2021/england_wales/census2021-ts062/census2021-ts062-oa.csv,,national_statistics_socio_economic_classification_ns_sec_l12_semi_routine_occupations,,
inst/extdata/stats/2021/england_wales/census2021-ts062/census2021-ts062-oa.csv,,national_statistics_socio_economic_classification_ns_sec_l13_routine_occupations,,
inst/extdata/stats/2021/england_wales/census2021-ts062/census2021-ts062-oa.csv,,national_statistics_socio_economic_classification_ns_sec_l14_1_and_l14_2_never_worked_and_long_term_unemployed,,
inst/extdata/stats/2021/england_wales/census2021-ts062/census2021-ts062-oa.csv,,national_statistics_socio_economic_classification_ns_sec_l15_full_time_students,,
inst/extdata/stats/2021/england_wales/census2021-ts062/census2021-ts062-oa.csv,,national_statistics_socio_economic_classification_ns_sec_l1_l2_and_l3_higher_managerial_administrative_and_professional_occupations,,
inst/extdata/stats/2021/england_wales/census2021-ts062/census2021-ts062-oa.csv,,national_statistics_socio_economic_classification_ns_sec_l4_l5_and_l6_lower_managerial_administrative_and_professional_occupations,,
inst/extdata/stats/2021/england_wales/census2021-ts062/census2021-ts062-oa.csv,,national_statistics_socio_economic_classification_ns_sec_l7_intermediate_occupations,,
inst/extdata/stats/2021/england_wales/census2021-ts062/census2021-ts062-oa.csv,,national_statistics_socio_economic_classification_ns_sec_l8_and_l9_small_employers_and_own_account_workers,,
inst/extdata/stats/2021/england_wales/census2021-ts062/census2021-ts062-oa.csv,,national_statistics_socio_economic_classification_ns_sec_total_all_usual_residents_aged_16_years_and_over,,
inst/extdata/stats/2021/england_wales/census2021-ts063/census2021-ts063-oa.csv,,occupation_current_1_managers_directors_and_senior_officials,,
inst/extdata/stats/2021/england_wales/census2021-ts063/census2021-ts063-oa.csv,,occupation_current_2_professional_occupations,,
inst/extdata/stats/2021/england_wales/census2021-ts063/census2021-ts063-oa.csv,,occupation_current_3_associate_professional_and_technical_occupations,,
inst/extdata/stats/2021/england_wales/census2021-ts063/census2021-ts063-oa.csv,,occupation_current_4_administrative_and_secretarial_occupations,,
inst/extdata/stats/2021/england_wales/census2021-ts063/census2021-ts063-oa.csv,,occupation_current_5_skilled_trades_occupations,,
inst/extdata/stats/2021/england_wales/census2021-ts063/census2021-ts063-oa.csv,,occupation_current_6_caring_leisure_and_other_service_occupations,,
inst/extdata/stats/2021/england_wales/census2021-ts063/census2021-ts063-oa.csv,,occupation_current_7_sales_and_customer_service_occupations,,
inst/extdata/stats/2021/england_wales/census2021-ts063/census2021-ts063-oa.csv,,occupation_current_8_process_plant_and_machine_operatives,,
inst/extdata/stats/2021/england_wales/census2021-ts063/census2021-ts063-oa.csv,,occupation_current_9_elementary_occupations,,
inst/extdata/stats/2021/england_wales/census2021-ts063/census2021-ts063-oa.csv,,occupation_current_total_all_usual_residents_aged_16_years_and_over_in_employment_the_week_before_the_census,,
inst/extdata/stats/2021/england_wales/census2021-ts065/census2021-ts065-oa.csv,,unemployment_history_not_in_employment_never_worked,,
inst/extdata/stats/2021/england_wales/census2021-ts065/census2021-ts065-oa.csv,,unemployment_history_not_in_employment_not_worked_in_the_last_12_months,,
inst/extdata/stats/2021/england_wales/census2021-ts065/census2021-ts065-oa.csv,,unemployment_history_not_in_employment_worked_in_the_last_12_months,,
inst/extdata/stats/2021/england_wales/census2021-ts065/census2021-ts065-oa.csv,,unemployment_history_total_all_usual_residents_aged_16_years_and_over_not_in_employment_the_week_before_the_census,,
inst/extdata/stats/2021/england_wales/census2021-ts066/census2021-ts066-oa.csv,,economic_activity_status_economically_active_and_a_full_time_student,,
inst/extdata/stats/2021/england_wales/census2021-ts066/census2021-ts066-oa.csv,,economic_activity_status_economically_active_and_a_full_time_student_in_employment,,
inst/extdata/stats/2021/england_wales/census2021-ts066/census2021-ts066-oa.csv,,economic_activity_status_economically_active_and_a_full_time_student_in_employment_employee,,
inst/extdata/stats/2021/england_wales/census2021-ts066/census2021-ts066-oa.csv,,economic_activity_status_economically_active_and_a_full_time_student_in_employment_employee_full_time,,
inst/extdata/stats/2021/england_wales/census2021-ts066/census2021-ts066-oa.csv,,economic_activity_status_economically_active_and_a_full_time_student_in_employment_employee_part_time,,
inst/extdata/stats/2021/england_wales/census2021-ts066/census2021-ts066-oa.csv,,economic_activity_status_economically_active_and_a_full_time_student_in_employment_self_employed_with_employees,,
inst/extdata/stats/2021/england_wales/census2021-ts066/census2021-ts066-oa.csv,,economic_activity_status_economically_active_and_a_full_time_student_in_employment_self_employed_with_employees_full_time,,
inst/extdata/stats/2021/england_wales/census2021-ts066/census2021-ts066-oa.csv,,economic_activity_status_economically_active_and_a_full_time_student_in_employment_self_employed_with_employees_part_time,,
inst/extdata/stats/2021/england_wales/census2021-ts066/census2021-ts066-oa.csv,,economic_activity_status_economically_active_and_a_full_time_student_in_employment_self_employed_without_employees,,
inst/extdata/stats/2021/england_wales/census2021-ts066/census2021-ts066-oa.csv,,economic_activity_status_economically_active_and_a_full_time_student_in_employment_self_employed_without_employees_full_time,,
inst/extdata/stats/2021/england_wales/census2021-ts066/census2021-ts066-oa.csv,,economic_activity_status_economically_active_and_a_full_time_student_in_employment_self_employed_without_employees_part_time,,
inst/extdata/stats/2021/england_wales/census2021-ts066/census2021-ts066-oa.csv,,economic_activity_status_economically_active_and_a_full_time_student_unemployed,,
inst/extdata/stats/2021/england_wales/census2021-ts066/census2021-ts066-oa.csv,,economic_activity_status_economically_active_excluding_full_time_students,,
inst/extdata/stats/2021/england_wales/census2021-ts066/census2021-ts066-oa.csv,,economic_activity_status_economically_active_excluding_full_time_students_in_employment,,
inst/extdata/stats/2021/england_wales/census2021-ts066/census2021-ts066-oa.csv,,economic_activity_status_economically_active_excluding_full_time_students_in_employment_employee,,
inst/extdata/stats/2021/england_wales/census2021-ts066/census2021-ts066-oa.csv,,economic_activity_status_economically_active_excluding_full_time_students_in_employment_employee_full_time,,
inst/extdata/stats/2021/england_wales/census2021-ts066/census2021-ts066-oa.csv,,economic_activity_status_economically_active_excluding_full_time_students_in_employment_employee_part_time,,
inst/extdata/stats/2021/england_wales/census2021-ts066/census2021-ts066-oa.csv,,economic_activity_status_economically_active_excluding_full_time_students_in_employment_self_employed_with_employees,,
inst/extdata/stats/2021/england_wales/census2021-ts066/census2021-ts066-oa.csv,,economic_activity_status_economically_active_excluding_full_time_students_in_employment_self_employed_with_employees_full_time,,
inst/extdata/stats/2021/england_wales/census2021-ts066/census2021-ts066-oa.csv,,economic_activity_status_economically_active_excluding_full_time_students_in_employment_self_employed_with_employees_part_time,,
inst/extdata/stats/2021/england_wales/census2021-ts066/census2021-ts066-oa.csv,,economic_activity_status_economically_active_excluding_full_time_students_in_employment_self_employed_without_employees,,
inst/extdata/stats/2021/england_wales/census2021-ts066/census2021-ts066-oa.csv,,economic_activity_status_economically_active_excluding_full_time_students_in_employment_self_employed_without_employees_full_time,,
inst/extdata/stats/2021/england_wales/census2021-ts066/census2021-ts066-oa.csv,,economic_activity_status_economically_active_excluding_full_time_students_in_employment_self_employed_without_employees_part_time,,
inst/extdata/stats/2021/england_wales/census2021-ts066/census2021-ts066-oa.csv,,economic_activity_status_economically_active_excluding_full_time_students_unemployed,,
inst/extdata/stats/2021/england_wales/census2021-ts066/census2021-ts066-oa.csv,,economic_activity_status_economically_inactive,,
inst/extdata/stats/2021/england_wales/census2021-ts066/census2021-ts066-oa.csv,,economic_activity_status_economically_inactive_long_term_sick_or_disabled,,
inst/extdata/stats/2021/england_wales/census2021-ts066/census2021-ts066-oa.csv,,economic_activity_status_economically_inactive_looking_after_home_or_family,,
inst/extdata/stats/2021/england_wales/census2021-ts066/census2021-ts066-oa.csv,,economic_activity_status_economically_inactive_other,,
inst/extdata/stats/2021/england_wales/census2021-ts066/census2021-ts066-oa.csv,,economic_activity_status_economically_inactive_retired,,
inst/extdata/stats/2021/england_wales/census2021-ts066/census2021-ts066-oa.csv,,economic_activity_status_economically_inactive_student,,
inst/extdata/stats/2021/england_wales/census2021-ts066/census2021-ts066-oa.csv,,economic_activity_status_total_all_usual_residents_aged_16_years_and_over,,
inst/extdata/stats/2021/england_wales/census2021-ts067/census2021-ts067-oa.csv,,highest_level_of_qualification_apprenticeship,,
inst/extdata/stats/2021/england_wales/census2021-ts067/census2021-ts067-oa.csv,,highest_level_of_qualification_level_1_and_entry_level_qualifications,,
inst/extdata/stats/2021/england_wales/census2021-ts067/census2021-ts067-oa.csv,,highest_level_of_qualification_level_2_qualifications,,
inst/extdata/stats/2021/england_wales/census2021-ts067/census2021-ts067-oa.csv,,highest_level_of_qualification_level_3_qualifications,,
inst/extdata/stats/2021/england_wales/census2021-ts067/census2021-ts067-oa.csv,,highest_level_of_qualification_level_4_qualifications_and_above,,
inst/extdata/stats/2021/england_wales/census2021-ts067/census2021-ts067-oa.csv,,highest_level_of_qualification_no_qualifications,,
inst/extdata/stats/2021/england_wales/census2021-ts067/census2021-ts067-oa.csv,,highest_level_of_qualification_other_qualifications,,
inst/extdata/stats/2021/england_wales/census2021-ts067/census2021-ts067-oa.csv,,highest_level_of_qualification_total_all_usual_residents_aged_16_years_and_over,,
inst/extdata/stats/2021/england_wales/census2021-ts068/census2021-ts068-oa.csv,,schoolchild_or_full_time_student_indicator_not_a_student,,
inst/extdata/stats/2021/england_wales/census2021-ts068/census2021-ts068-oa.csv,,schoolchild_or_full_time_student_indicator_student,,
inst/extdata/stats/2021/england_wales/census2021-ts068/census2021-ts068-oa.csv,,schoolchild_or_full_time_student_indicator_total_all_usual_residents_aged_5_years_and_over,,
